date	screen_name	handle	answerTo	text	is_retweet
2022-02-10	Abrahamsson	@Abrahamsson_sv	@Obamasshadow @johan_lg2	Problemet Ã¤r att om man fortsÃ¤tter tro pÃ¥ virusen sÃ¥ kommer man att fortsÃ¤tta att gÃ¥ pÃ¥ Ã¤nnu fler bedrÃ¤gerier nÃ¤r det kommer nya psyops fÃ¶r nya virus. Spikeproteinet Ã¤r ett hoax. Eftersom virusen inte finns sÃ¥ kan ingen heller isolera nÃ¥got spikprotein frÃ¥n ett virus.	SANT
2022-02-10	Dan Pettersson	@PettDanFTW	@PettDanFTW @boxofsparklers @AnnikaTyckerAtt @TaistoVerner @Expressen @ExpressenTV @Expressen @aminamnzr	Andningsskydd funkar "Ã¥tminstone mer konsekvent Ã¶ver tid. Det biter pÃ¥ hela grekiska alfabetet, och pÃ¥ alla muterade spikprotein. Det tappar inte stinget, oavsett vad viruset tar sig till. Det hÃ¥ller stÃ¥nd, Ã¤ven om vÃ¥ra immunsystem sloknar." Argument fÃ¶r andningsskydd, med vaccin	FALSKT
2022-02-10	Gary Nogoals	@Gary_Nogoals	@FredricMorenius	mRNA blir du aldrig av med dÃ¥ det Ã¤ndrar ditt DNA. Men bla Dr McCullough pratar om tiden som du har kvar spikproteinet i kroppen efter sprutorna. Minns inte den exakta siffran men det var bra lÃ¤nge. DÃ¤rav idÃ©n om Boosters fÃ¶r evigt dÃ¥ detta fyller pÃ¥ det skadliga spikproteinet ğŸ¤”	FALSKT
2022-02-10	J.P. â¤ï¸	@jprimen	@SvD	Folket mot det politiska och mediala etablissemanget. Protesterna Ã¤r snart hÃ¤r ocksÃ¥ som svar pÃ¥ alla era lÃ¶gner! #bluffpandemi #bluffvaccin #nejtillvaccinpass	SANT
2022-02-10	Kristian Weimar Svensson	@30Talet	@Fiatlux14 @beatabooo @M_Raggamuffin	Antivaxxers Ã¤r vÃ¤l de som lever i skrÃ¤ck (fÃ¶r biverkningar av vaccinet) i en korrupt vÃ¤rld dÃ¤r alla Soros och andra skuggfigurer Ã¤r ute efter att dÃ¶da dig. Svennebanan lyssnar ju pÃ¥ FHM rekommendationer och Ã¤r nÃ¶jd med det.	FALSKT
2022-02-10	Libero	@Libero63420449	@AgnesWold @TerenceEvans7	Hur mycket erfarenhet har vi av mrna-vaccin? Jag fÃ¥r det till 1Ã¥r. Massor av allvarliga skador och dÃ¶dsfall. Fler Ã¤n alla Ã¶vriga mediciner sammantaget. Och vi har inte sett slutet pÃ¥ detta.	FALSKT
2022-02-10	Magnus Scott	@magnus_scott	@katjanouch	Det troliga Ã¤r att hon blev sjuk i Omicron (Corona), men har nu frivilligt injicerat sig sjÃ¤lv med Covid-19 spikprotein producerande genteknik	FALSKT
2022-02-10	Mona-Lisa	@Obamasshadow	NA	De fÃ¶rbereder nu folk fÃ¶r de allvarliga vaccinskador som de VISSTE skulle intrÃ¤ffa Hur visste de? Jo, tidigare djurstudier med mRNA-vaccin tog dÃ¶d pÃ¥ stora delar av djuren Obligatoriska djurstudier som man tillÃ¥tits hoppa Ã¶ver i nuvarande vaccinfÃ¶rsÃ¶k som hÃ¥ller pÃ¥ till 2023	SANT
2022-02-10	Nordman ğŸ‡¸ğŸ‡ª	@Nordensson_	@friatider	FrÃ¥gan Ã¤r, blev hon sjuk i Corona, annan influensa eller Ã¤r det biverkningar av MRNA-sprutan?	FALSKT
2022-02-10	Olof Wernborn	@olofborn	@Ericson_ubbhult	Exempelvis Lars Bern, pÃ¥ SwebbTV har haft mÃ¥nga vetenskapliga dragningar om detta. I msm har allt handlat om att injicera mRNA. Aldrig om att behandla eller fÃ¶rebygga.	SANT
2022-02-10	ğğšğ¬ğ­ - ğğ«ğ¢ğ§ğœğ ğ¨ğŸ ğ“ğ°ğ¢ğ¥ğ¢ğ ğ¡t ğŸ‘‘ğŸŒ„	@DblockWWT	NA	HÃ¶rde nÃ¥gon 'expert' igÃ¥r pÃ¥ P3 prata om desinformation. Hon kallade Rogan fÃ¶r en 'affÃ¤rsman' som alltid hÃ¥ller med allting som sÃ¤gs pÃ¥ hans podd och Malone som 'nÃ¥gon som sÃ¤ger att han uppfann MRNA tekniken' men inte har forskat pÃ¥ lÃ¤nge. Hon var nog 20 nÃ¥gonting.	FALSKT
2022-02-11	carl	@shocksystem	NA	Regeringen sviker folket, inte tvÃ¤rtom. Ideologiska aktivister Ã¤r fÃ¶rkastliga, nyttiga idioter Ã¤r det synd om. Men dom Ã¤r redan beroende av rÃ¤dslan/tryggheten de fÃ¥r av stats / korporativismmedia och mRNA-injektionerna, sÃ¥ jag orkar fan inte fÃ¶rsÃ¶ka nÃ¥ dom	FALSKT
2022-02-11	Dan Pettersson	@PettDanFTW	@KnegStrateg	Jag har blivit mycket sÃ¤mre efter tidigare vaccindoser och vill helst slippa ta fler. Ska vara uppmÃ¤rksam pÃ¥ vaccin utan mRNA-teknik sÃ¥ man slipper att slÃ¤ppa ut fler spikproteiner i kroppen.	FALSKT
2022-02-11	Erik Per-Oscar Nikolaus BjÃ¶rnstam Tengmark	@OscarTengmark	NA	Och sÃ¥ Ã¤ltar vi vÃ¥r vetenskapliga hjÃ¤ltinna Jennie Lavine - "immunity as a dimmer switch" - och fascineras av naturen. Och vetenskapen som fixade fram ett vaccin som skapat en genvÃ¤g till "endemic steady state". https://youtu.be/BI8yxmJ_Eso	SANT
2022-02-11	G. (áš·áš©á›–áš±ášªáš¾)A-son	@Gluggen777	NA	MisstÃ¤nkt mord pÃ¥ en coronakritiker, en som verkligen visste vad mrna innehÃ¶ll.	FALSKT
2022-02-11	NorthBased	@NorthBased12	@stalljeda @dufrianord	Fanns redan pÃ¥ tapeten i bÃ¶rjan pÃ¥ Pandemin dÃ¥ Thailand anvÃ¤nde HIV medicin mot Coronaviruset.	FALSKT
2022-02-11	Sven Grundin	@SGrundin	@mobil_ego	Ja. Kan inte komma ihÃ¥g att jag nÃ¥gonsin har fÃ¶rsvarat vaccinering av barn med mrna-vacciner. [Pfizer, Moderna]	FALSKT
2022-02-11	The Daddy Monster	@pissedfather666	NA	pandemin Ã¤r Ã¶ver? DÃ¥ hade de misslyckats med att motivera mÃ¤nniskor till att injicera sig med mRNA-vaccinen. Regering och myndigheter ska straffas fÃ¶r sitt medvetna felaktiga beslut, de har tusentals liv pÃ¥ sina hÃ¤nder. Det Ã¤r ett lÃ¥ngdraget folkmord som pÃ¥gÃ¥r vilket vi lÃ¤r se	FALSKT
2022-02-12	Anette	@AnettehallA	@M_Raggamuffin	LÃ¤s detta. ! I sin nya pandemibok efterlyser Bill Gates ett globalt patogen- Ã¶vervaknings system kombinerat med fÃ¶r alltid mRNA-staliga injektioner.	FALSKT
2022-02-12	cHaR âœ¨	@charwester	@ingethuresson1 @timsoderberg	Inte farligt ? Helt gÃ¤ng advokater, Pfizers fÃ¶rra vd och uppfinnaren av mRNA tekniken sÃ¤ger annorlunda i grand jury. Sen ser vi med egna Ã¶gon vilka biverkningar det finns och alla de som dÃ¶tt av injektionerna. Nu pratas det om HIV fÃ¶r de efter 3:e sprutan	FALSKT
2022-02-12	Johan Norberg	@njohan	NA	NÃ¤r DATA visar nÃ¥got, sÃ¥ skall detta Ã¤ven informeras. Det Ã¤r nÃ¥got hÃ¶gre RISK fÃ¶r #hjÃ¤rtmuskelinflammation efter vaccin. Samt hÃ¶gre med vissa Ã¤n andra #vaccin. HÃ¶gre risk folk under 30Ã¥r & fler fall fÃ¶r tonÃ¥ringar & mÃ¤n ğŸ¤” ğŸ˜¢ #svpol #Covid19 #Aspirera https://youtu.be/Hb1Xm1uaedU	FALSKT
2022-02-12	J.P. â¤ï¸	@jprimen	@Aftonbladet	Ni ljÃ¶g Ã¥ ljÃ¶g Ã¥ ljÃ¶g och nu har sanningen kommit ikapp er. Bluffvaccinet var vÃ¤rdelÃ¶st och nÃ¤r ni nu inser det ska skulden lÃ¤ggas pÃ¥ dom som hade rÃ¤tt. GÃ¥ Ã¥ gÃ¶m er!	SANT
2022-02-12	LR	@gnallspiken56	NA	ANALYS. Pfizer undanhÃ¥ller dokument som visar en orovÃ¤ckande Ã¶kning av allvarliga biverkningar frÃ¥n deras Covid-19-spruta!!!	SANT
2022-02-12	Mannerfrid, Esq.	@mannerfrid	@JPcph12	Ingen nÃ¤mner vaxxet mÃ¤rker jag. Det Ã¤r ju den stÃ¶rsta konspirationen i vÃ¤rldshistorien - antar att folk Ã¤r trÃ¶tta - men stÃ¤mmer mRNA-foliehattarnas teori sÃ¥ Ã¤r det kanske FÃ–R hemskt fÃ¶r gemene man. FÃ¶r att inte tala om den kristna teorin (666)	FALSKT
2022-02-12	Mesalina	@scandinavius	@tgunkenobi @chrwallg	NejdÃ¥, de Ã¤r kÃ¶pta till tystnad. MÃ¤rk vÃ¤l att INGEN journalist vÃ¥gat skriva nÃ¥got kritiskt om vaxkampanjen, mRNA genterapierna och dess skadliga biverkningar vars frekvens ligger skyhÃ¶gt Ã¶ver samtliga andra vaccin tillsammans! MSM journos medskyldiga till att mÃ¤nniskor mÃ¶rdats.	SANT
2022-02-12	Sarah	@Sarahwhothinks	@Svedjebruket	De "verkar" fÃ¶ra Ã¶ver enligt en "liten" studie ğŸ˜‚. Japp de fÃ¶ra Ã¶ver spike proteiner (inte antikroppar) som vi vet Ã¤r superbra. Inte. ğŸ˜‚ Ã„r sÃ¥ trÃ¶tt pÃ¥ propagandan	SANT
2022-02-12	Stefan Carlsson	@Stefan_gsx	NA	Hmmm... kolla pÃ¥ denna video ang. mRNA ... youtube.com Myocarditis after vaccination, firm data	FALSKT
2022-02-13	G. Person	@gleppa	NA	MRNA-injektionerna, mÃ¥nga Ã¤r grafenoxidblandningar som svarar pÃ¥ elektromagnetiska vÃ¥gor, dvs pÃ¥ 5G, som frÃ¥n mÃ¤nniskor gÃ¶r "transhumans", enligt Klaus Schwab. Och detta dessutom. ğŸ˜³ ğŸ¤¢ ğŸ‘¹	FALSKT
2022-02-13	Hemingway	@hansbergman1237	@AgnesWold	Konspirationsteorier: 1) WEF vill kontrollera vÃ¤rlden 2) ID2020 med Bill Gates 3) MRNa vaccinet Ã¤r skadligt och i mÃ¥nga fall dÃ¶dligt 4) PCR testen Ã¤r i stort sett vÃ¤rdelÃ¶s 4) Fauci forskade och finansierade Wuhan lab fÃ¶r "gain of function" 5) Facemasks funkar inte 6-800) etc	FALSKT
2022-02-13	J. Sobieski ğŸ‡¸ğŸ‡ªğŸ‡µğŸ‡±	@JanSobieskiPW	@M_Raggamuffin	mRNA Ã¤r en instruktion fÃ¶r tillverkning av ett protein. Cellen lÃ¤ser mRNA-strÃ¤ngen och tillverkar Ã¶nskat protein. OmÃ¶jligt att mRNA pÃ¥verkar DNA. Kan tillÃ¤gga att jag inte vaccinerat mig, men dÃ¥ inte pga oro fÃ¶r DNA-modifikation.	FALSKT
2022-02-13	Leif Lindau	@LindauLeif	@mats738	FÃ¶rsÃ¶k ta reda pÃ¥ hur lÃ¤nge skyddseffekten av AZ kvartstÃ¥r sÃ¥ att du inte lurar dig sjÃ¤lv. m-RNA gav bara 50 % efter sex mÃ¥nader.	FALSKT
2022-02-13	Margareta ğŸ‡¸ğŸ‡ªğŸ·ğŸš´ğŸ’¡ğŸš­ğŸ€ğŸğŸºâ˜®ï¸	@personnelibre	NA	NÃ¤r den som injicerat Moderna/Pfizer"vaccin" drabbas av hjÃ¤rtmuskelinflammation avvÃ¤ger det mot att ingetdera "vaccin" skyddar mot covid19, dÃ¥ Ã¥terstÃ¥r bara hjÃ¤rtmuskelinflammation som "vaccinets" enda effekt. NÃ¤r denna patientgrupp hÃ¶jer rÃ¶sten,kommer fÃ¶rsÃ¤kringsbolagen att agera.	FALSKT
2022-02-13	Margareta ğŸ‡¸ğŸ‡ªğŸ·ğŸš´ğŸ’¡ğŸš­ğŸ€ğŸğŸºâ˜®ï¸	@personnelibre	NA	NÃ¤r den som injicerat Moderna/Pfizer"vaccin" drabbas av hjÃ¤rtmuskelinflammation avvÃ¤ger det mot att ingetdera"vaccin" skyddar mot covid19,dÃ¥ Ã¥terstÃ¥r bara hjÃ¤rtmuskelinflammation som "vaccinets" enda effekt. NÃ¤r denna patientgrupp hÃ¶jer rÃ¶sten,kommer fÃ¶rsÃ¤kringsbolagen att agera.	FALSKT
2022-02-13	Marianne Kandelin ğŸ‡¸ğŸ‡ª ğŸ‡«ğŸ‡®	@Vadfinnsomkring	NA	ğŸ§ ğŸ˜ De dubbel- och trippelvaccinerade har fÃ¥tt nog och vill inte ha fler doser. Allt fler ser kopplingen mellan de experimentella mRNA-injektionerna och skador, https://newsvoice.se/2022/02/vaccinerade-majoritet-protesterna-mot-totalitarism/?fbclid=IwAR289l2zf_a_WD3uD554JKIhOlIdFeMk-p8nyTxmDtD-QFzc938Fuq2bv8U	FALSKT
2022-02-13	Mesalina	@scandinavius	NA	BlÃ¶dningar, Blodproppar, kvinnors fertilitet och hjÃ¤rtinfarkter. mRNA genterapi jÃ¤mfÃ¶rt med traditionella vaccin	SANT
2022-02-13	NÃ¶tskrikan	@notskrikan123	@Obamasshadow	Enligt http://Forbes.com finns det ingen riktig forskning/ forskare om detta. Du kan vara emot vaccinet Ã¤ndÃ¥ pga Mnra och spikeprotein osv. Ã„r ingen specialist men tydlien tar man avstÃ¥nd.	FALSKT
2022-02-13	Peter	@PLannby	@UllaCarinM @Tornedarlingen @JanKEliasson	Du kan inte jÃ¤mfÃ¶ra traditionellt vax med denna mrna-injektion tyvÃ¤rr.	SANT
2022-02-13	Stefan Blom	@StefanBlom8	@M_Raggamuffin @klas_wadstein	Du fÃ¶rstÃ¥r skillnaden pÃ¥ att fÃ¶rÃ¤ndra en persons dna och att skapa ett vaccin med hjÃ¤lp av crispr va? Ingen har fÃ¶rÃ¤ndrat nÃ¥gons dna sÃ¥ du jÃ¤mfÃ¶r Ã¤pplen med pÃ¤ron.	FALSKT
2022-02-13	Tom Berg ğŸ‡¸ğŸ‡ªğŸ—ğŸ‡ºğŸ‡¸	@Kvasern	@M_Raggamuffin	1) Fast nu blandas Ã¤pplen med pÃ¤ron & rÃ¤tt mÃ¥ste vara rÃ¤tt. Det Ã¤r skillnad pÃ¥ arvsmassan (DNA) och mRNA. mRNA anvÃ¤nds fÃ¶r att "producera" protein. Vaccinet Ã¤ndrar inte i arvsmassan (DNA). (GÃ¥ngen Ã¤r DNA -> RNA -> mRNA). Oavsett vad vi tycker om vaccinet sÃ¥ mÃ¥ste rÃ¤tt vara rÃ¤tt.	FALSKT
2022-02-13	ğŸ‡¸ğŸ‡ªZ1GMA / ğŸ‡¨ğŸ‡¦ğŸš› â€¢ ğŸ‡³ğŸ‡±ğŸšœğŸ§£	@gma_z1	NA	LÃ¤kemedelsjÃ¤ttarna kommer vara ett minne blott nÃ¤r rÃ¶ken lagt sig 'Pfizer undanhÃ¥ller dokument som visar en orovÃ¤ckande Ã¶kning av allvarliga biverkningar frÃ¥n deras Covid-19-spruta'	SANT
2022-02-14	Anders Kajander	@4dexcavator	@IlskaIren	Intressant att det trots att det nu Ã¤r bevisat att mrna Ã¤r skadligt och syftet med covid var infÃ¶randet av medicinskt pass, fortfarande finns mÃ¤nniskor som marknadsfÃ¶r preparatet.	FALSKT
2022-02-14	Bjorn ğŸ‡©ğŸ‡°ğŸ‡ªğŸ‡¦ğŸ‡¸ğŸ‡ª	@boyeunique	@skogshuldran1	HIV vaccinet som har varit under utveckling i 30 Ã¥r Ã¤r ett mRNA vaccin, det Ã¤r fortfarande inte klart dÃ¥ biverkningarna Ã¤r extremt omfattande nÃ¤r det kommer till random virus har 3 Big Pharma mRNA klart pÃ¥ nÃ¥gra mÃ¥nader och en hel vÃ¤rld stod i kÃ¶	SANT
2022-02-14	CarmenFreedomFighterğŸ©¸ğŸ‡¸ğŸ‡ªğŸ‡®ğŸ‡±ğŸ‡ºğŸ‡¸	@BergWaara	@RolandXSweden @Swedtraders	I Kina ger inte ens MrNA vaxx har jag lÃ¤st. Indien har ocksÃ¥ nÃ¥got eget vaxx och kurer. Inget media informerar om, vi ska tro att alla vill ha deras vaxx.	FALSKT
2022-02-14	David Jacquet	@DrJacquet	@Sverigebilden08	Det hela bÃ¶rjar likna ett vÃ¤ldigt grymt IQ-test. Fyra sprutor pÃ¥ ett Ã¥r, med ett experimentellt genpreparat. BÃ¥de Pfizer och FDA kÃ¤mpar med nÃ¤bbar och klor i domstol fÃ¶r att inte oberoende forskare ska fÃ¥ se rÃ¥data frÃ¥n fas-3 fÃ¶rsÃ¶ken. ğŸ¤”	FALSKT
2022-02-14	jenny nystrÃ¶m	@stalljeda	@KristinFredrik3 @micke611	Det Ã¤r nÃ¤r man vaccinerat mÃ¥nga, mÃ¥nga tusen gravida kvinnor man kan se om vaccinet Ã¤r sÃ¤kert eller farligt En kvinna som tycker att det Ã¤r okej att tvinga pÃ¥ gravida kvinnor ett oprovat genpreparat utan att informera om riskerna kallar jag kÃ¤rring utan att skÃ¤mmas.	FALSKT
2022-02-14	JosÃ©	@JoseJesusMari4	@MymeOcio @rodriseiandrea @MissisOrwell @Priscila_403 @EulateBrigitte @SALAMANCAFJ	Moderna (ticker MRNA ... jejeje)	SANT
2022-02-14	Margareta ğŸ‡¸ğŸ‡ªğŸ·ğŸš´ğŸ’¡ğŸš­ğŸ€ğŸğŸºâ˜®ï¸	@personnelibre	NA	JT:s kritiske bror menar att JT Ã¤r Ã¶vermaktens (Bildeberg/WET/OS m.m.) marionett. Det Ã¤r den som segrar. JT har bestÃ¤llt Pfizervaccin som rÃ¤cker till varje kanadensare, under 2023&2024. Hans stiftelse pÃ¥stÃ¥s vara 40%-ig delÃ¤gare i ett bolag som utvecklar vaccinets nanopartiklar..	FALSKT
2022-02-14	MaxiMaker	@21AndNoMore	@stalljeda	PÃ¥ den som uppfann tekniken som mÃ¶jliggÃ¶r mRNA preparaten och nu Ã¤r vÃ¤ldigt skeptisk hur de anvÃ¤nds.	FALSKT
2022-02-14	Patientmakt	@PatientCV	NA	De vaccinerade Ã¤r nu med stÃ¶rsta sannolikhet i majoritet i protesterna mot totalitarism Ã¶ver hela vÃ¤rden. De dubbel- och trippelvaccinerade har fÃ¥tt nog/Allt fler ser kopplingen mellan de experimentella mRNA-injektionerna och skador. @newsvoicemag #coronavaccin #coronavirus	SANT
2022-02-14	Roland X â¤ï¸ Z	@RolandXSweden	@Ulsans1	Covid-19 vaccinet Ã¤r rysk roulett.	FALSKT
2022-02-14	ğŸ‡¸ğŸ‡ªStf / ğŸ‡¨ğŸ‡¦ğŸš› â€¢ ğŸ‡³ğŸ‡±ğŸšœğŸ§£	@gma_z1	NA	NÃ¥gon som vet om det hÃ¶r till det normala att stoppa in fragment av HIV (HIV-protein) i vaccin, eller om det Ã¤r specifikt fÃ¶r just Covid-vaccinet? Tacksam fÃ¶r svar	SANT
2022-02-14	ä»°æœ›æ˜Ÿç©ºğŸŒƒğŸŒ»ğŸŒ»ğŸŒ»	@GwgZww	NA	Den kanadensiska chaffÃ¶rer protestrÃ¶relsen, det handlar inte bara om att protestera mot tvÃ¥ng COVID-19 vaccin. Detta Ã¤r en folklig motstÃ¥ndsrÃ¶relse i demokratier runt om i vÃ¤rlden, inte bara i Kanada, inte bara i USA, utan Ã¤ven i VÃ¤steuropa.	SANT
2022-02-15	Johan A	@johanA2467	NA	HjÃ¤lte. FÃ¶r er idiotier som tror intervjun handlar om vaccin, gÃ¥ och lÃ¤gg er.	SANT
2022-02-15	Karl OhlssonğŸ‡ºğŸ‡¦	@karlohlsson	@BrunOchStolt @azzizzi33	Trams och desinformation. I fÃ¶rhÃ¥llandet till givna vaccinationer Ã¤r covid-vaccinet det som gett MINST antal allvarliga biverkningar! LÃ¤s pÃ¥!	FALSKT
2022-02-15	Linda efraimsson	@EfraimssonLinda	@Swedtraders @bjoern_nilsson @EkbergMats	Ã„ndÃ¥ Ã¤r de livrÃ¤dda fÃ¶r hans ord och han Ã¤r den som tagit fram m-rna vaccinet som floppade nÃ¤r man fÃ¶rsÃ¶kte vaccinera mot hiv som gjorde patienterna mer mottaglig fÃ¶r hiv istÃ¤llet precis som vi nu ser sÃ¥ Ã¤r de som tagit m-rna vaccin fÃ¶r covid mer mottagliga fÃ¶r covid	FALSKT
2022-02-15	Martin	@MResearchacc	@MResearchacc @okuvad @Manmother @EAACI @ISEV @UWMartinsen @janlotvall	KvarstÃ¥r gÃ¶r de 2 miljoner friska barn som inte Ã¤r i riskgrupp. VarfÃ¶r ska de pÃ¥tvingas ett experimentellt genpreparat menar du?	FALSKT
2022-02-15	Tina Svensson ğŸ‡¸ğŸ‡ª ğŸª“	@TinaSvensson08	@Erikcbrunnegard @svenakepe @gnallspiken56 @moderaterna	SÃ¥ hur mÃ¥nga sprutor behÃ¶ver du ta fÃ¶r att bli "fullvaxxad"? Det vet du inte. FÃ¶r det Ã¤r otestat och en bluff.	FALSKT
2022-02-15	vincent casanova	@minimalcasanova	@JacobGudiol	Allvarligt. Vet du skillnaden mellan naturlig immunitet och mRNA generat respons pÃ¥ ett spikprotein? FÃ¶r det verkar som du inte ha koll pÃ¥ skillnaderna- du likstÃ¤ller dem immunologiskt. De Ã¤r helt olika typer av immunitet.	FALSKT
2022-02-16	Anton BjÃ¶rk	@AntonBjork8	NA	NÃ¤r Sverige bÃ¶rjade med dos 3 sÃ¥ sa man att vaccinet skulle klassas som ett 3-dos-vaccin. Blir dos 4 den fÃ¶rsta boostern i sÃ¥ fall? Eller ska vi klassa det som ett 4-dos-vaccin nu? Tycker det Ã¤r svÃ¥rt att hÃ¤nga med i svÃ¤ngarna nufÃ¶rtiden. ğŸ¤·â€â™‚ï¸	SANT
2022-02-16	JF	@Frisch_John	@Realistinrealit @palbergstrom	Eftersom vaccinet som inte Ã¤r ett gift fÃ¶r dÃ¥ hade folk dÃ¶tt som om dom hade fÃ¥tt covid och vaccinet inte Ã¤ndrar dna, du fÃ¥r googla men inte pÃ¥ tredje sidan pÃ¥ Google ğŸ˜† B och T celler tar inte stryk dom lÃ¤r sig och hjÃ¤lper varandra att ta dÃ¶d pÃ¥ virus i kroppen.	FALSKT
2022-02-16	Johan A	@johanA2467	@Obamasshadow	Nu Ã¤r jag personligen inte beredd gÃ¥ riktigt sÃ¥ lÃ¥ngt i min tanke men faktum Ã¤r att Microsoft fÃ¥tt ett patent pÃ¥ kryptovaluta via biometri. BelÃ¶ningar kan ges men fÃ¶rmodligen mest bestraffningar.	FALSKT
2022-02-16	John T Sand	@ThureJohn	NA	SÃ¤kert fÃ¶r alla mÃ¤nniskor? Shocking! mRNA and Spike protein found 8 weeks after vaccination in some people	FALSKT
2022-02-16	Kat Bolte	@boltegaard	NA	Det hÃ¤r mÃ¥ste ni lyssna pÃ¥! Ett samtal till tv4s vaccexpert, en KI- forskare. Det Ã¤r en oerhÃ¶rd okunskap hos experter som rekommenderar vaccin. Min kÃ¤nsla blir att motivet Ã¤r att fÃ¥ synas och hÃ¶ras, kÃ¤nna sig viktig och "god"	SANT
2022-02-16	Kristian Weimar Svensson	@30Talet	NA	SÃ¥ vaccinet funkar bara i 3 mÃ¥n, stannar i kroppen i minst 2 mÃ¥n i lymfkÃ¶rtlarna (fÃ¶rmodligen pÃ¥ andra stÃ¤llen ocksÃ¥), mao Ã¤r det intravenÃ¶st med vaccin som gÃ¤ller. Undrar hur mÃ¥nga unga friska personer som skulle skippa vaccinet om de visste detta ğŸ™„ Shocking! mRNA and Spike protein found ...	FALSKT
2022-02-16	LR	@gnallspiken56	NA	BIVERKNINGAR FRÃ…N PFIZER VACCINET ...	SANT
2022-02-16	Mona-Lisa	@Obamasshadow	NA	Hela vaccin-och pass-agendan Ã¤r 100% satanisk. Det Ã¤r slaveri och de vaccinerade har redan injecerats med ett operativsystem Detta operativsystem kan kopplas till en app men Ã¤ven utan appen kan folk kontrolleras o mindkontrolleras pÃ¥ distans via femG	SANT
2022-02-16	Mona-Lisa	@Obamasshadow	@Obamasshadow	Sataniskt Ã¤r bara fÃ¶rnamnet HÃ¤r Ã¤r mer info	SANT
2022-02-16	MR PRINCESS	@StanUp1618	NA	Hej @svenskakyrkan WEF grundare Klaus Schwab skriver i sin bok covid-19: the great reset att han Ã¤mnar att fÃ¶rÃ¤ndra mÃ¤nniskors DNA till att bli en del av AI i smyg, utan att lÃ¥ta mÃ¤nniskor vÃ¤lja sjÃ¤lva, genom injektioner. Vart stÃ¥r ni? Vad skulle Jesus sÃ¤ga om detta?	SANT
2022-02-16	Patientmakt	@PatientCV	NA	Dr. Chetty i likhet med Mike Yeadon kritiserar att man fokuserat spikeproteinet i experimentella coronainjektioner. Det Ã¤r den farligaste delen och den mest instabila. Dr. Chetty fÃ¶rklarar att folk eg fÃ¥r allergiska reaktioner pÃ¥ spikeproteinet som gÃ¶r dem dÃ¥liga.	SANT
2022-02-17	âœï¸	@dione_levy	@Obamasshadow @eri21842105	Mindcontrol har dom redan sedan lÃ¤nge via msm.	FALSKT
2022-02-17	Dan	@TBesserwisser	@Mr_Stream @Folkhalsomynd	Du sa att ingen i USA fick ersÃ¤ttning fÃ¶r vaccin skador. Om de menade endast mRNA-vaccinet frÃ¥n Phiser skulle du sagt det. The devil is in the details, my friend.	FALSKT
2022-02-17	LÃ¤rkan	@dragana_larka63	@JohanScanung	SkrÃ¤partikel ... mÃ¤rkte inte nÃ¥n reaktion frÃ¥n media om att mÃ¥nga fÃ¶rÃ¤ldrar vÃ¤grade vaccinera sina barn mot farliga barnsjukdomar ... vilket borde vara mycket viktigare Ã¤n vacciner mot covid, dÃ¥ den bevisligen inte skyddar mot sjukdomen, men kan orsaka farliga biverkningar ...	FALSKT
2022-02-17	Merit Wager	@MeritWager	NA	86 % av finlÃ¤ndarna Ã¶ver 12 Ã¥r har fÃ¥tt tvÃ¥ doser coronavaccin, 60 % har fÃ¥tt tre doser. Snart fÃ¥r de som Ã¤r tveksamma till vaccinering pga mRNA-teknik som Pfizers o Biontechs vaccin bygger pÃ¥ ett nytt alternativ nÃ¤r vaccinet Novavax anlÃ¤nder till Finland.	SANT
2022-02-17	NiâœEminenâœ	@Ni_eminen7	@Obamasshadow	Bibliska profetior som slÃ¥r in. Mer och mer kommer att slÃ¥ in och tÃ¤nk att det skrev fÃ¶r 2000Ã¥r och Ã¤nnu lÃ¤ngre tillbaka. Vad som kommer.	FALSKT
2022-02-17	Plainview	@PlainviewLegacy	@UlrikaSkane	Vaccinet Ã¤r SÃ„RSKILT kÃ¤nt fÃ¶r att orsaka problem i samband med mens. TyvÃ¤rr Ã¤r chansen liten att du fÃ¥r korrekt diagnos i vÃ¥rden dÃ¥ okunskapen kring Comirnaty mfl MRNa i nulÃ¤get Ã¤r stor. Men kontakta dem Ã¤ndÃ¥. GÃ¶r det redan idag.	FALSKT
2022-02-17	SvartGulSusieQ	@QSvart	@johanA2467 @Obamasshadow	Du kommer lÃ¤ra dig med tiden. Alla vÃ¤rldens ledande maktpositioner inkluderar satanism.	SANT
2022-02-17	Tetti ğŸ‡¸ğŸ‡ªâœï¸ğŸ”¥ğŸ“–(kontrollgruppen) #kavla ner!	@TettiVestberg	NA	Kan nÃ¥gon fÃ¶rklara fÃ¶r mig vad man ska vaccinera sig emot nu? Mutationen omicron Ã¤r Ã¶verkomlig utan vaccin, jag har den nu! Vaccines for all 5 year olds https://youtu.be/HcsHKUZhB4E via @YouTube	FALSKT
2022-02-17	Yvonne	@Yvonne59446731	@Frisch_John @Ulf_i_e_Larsson @palbergstrom	Har du inte lyssnat pÃ¥ mÃ¤nniskor som berÃ¤ttar om biverkningar som de upplever efter vaccinering? GÃ¥ gÃ¤rna med i gruppen Biverkningar av vaccin pÃ¥ FB. Vi redovisas inte ens innehÃ¥llet i detta obeprÃ¶vade, nÃ¶dgodkÃ¤nda mRNA-preparat som INTE kan jÃ¤mfÃ¶ras med vÃ¥ra "gamla" vacciner?	FALSKT
2022-02-18	BÃ¶rje KjellstrÃ¶m	@BKjellstrom	NA	#svpol Allvaret i pandemin Ã¤r en viktig fÃ¶rklaring, men Ã¤nnu efter fjorton mÃ¥nader saknar mRNA-vaccinerna frÃ¥n Pfizer och Moderna fullstÃ¤ndiga tillstÃ¥nd och det finns fÃ¥ studier om deras verkningar @welt.	FALSKT
2022-02-18	Niklaslin	@Niklaslin1	NA	Michael Yeadon (tidigare chefsforskare pÃ¥ Pfizer): "Digitala id-handlingar och digitala pengar Ã¤r allt som behÃ¶vs fÃ¶r att fÃ¶rslava dig."	SANT
2022-02-18	ä»°æœ›æ˜Ÿç©ºğŸŒƒğŸŒ»ğŸŒ»ğŸŒ»	@GwgZww	NA	Covid viruset~vaccinet ~HIV Se ni deras plan? HIV har varit hos mÃ¤nniskor sÃ¥ mÃ¥nga Ã¥r, har forskare hittat vaccinet mot HIV? Nu kom plÃ¶tsligt ett vaccin mot viruset, sedan leder det till HIV, Labyrint har de byggt men men var Ã¤r utgÃ¥ngen? CCP	SANT
2022-02-19	Mona-Lisa	@Obamasshadow	NA	Vilddjurets mÃ¤rke Ã¤r en realitet. Visste ni att tillverkarna inte behÃ¶ver avslÃ¶ja alla ingredienser i ett nÃ¶dgodkÃ¤nt vaccin? Anledningen till att de vill TVÃ…NGS-vaccinera alla Ã¤r att vaccinerna innehÃ¥ller ett operativsystem o genmanipulerar folk utan deras vetskap.	SANT
2022-02-19	Richard LangÃ©en	@rlangeen	NA	LÃ¤gg ner TT. Extremt farligt propagandaorgan fÃ¶r globalister och lÃ¤kemedelsfÃ¶retag. Nu vill de lura fler att ta det meningslÃ¶sa och farliga skitvaccinet. Ofattbart skrÃ¤mmande. Som att leva i "1984". Logik, journalistik och vetenskap Ã¤r som bortblÃ¥st i dagens Sverige.	SANT
2022-02-20	Anders Kajander	@4dexcavator	NA	Ni som vill ha restriktioner fÃ¶r mÃ¤nniskor som inte tar mrna. Lyssna pÃ¥ Ã¤rkebiskopen ord.	FALSKT
2022-02-20	Christer Stolt ğŸ‡¸ğŸ‡ªğŸ‡¨ğŸ‡­	@christerstolt	NA	KrutrÃ¶ken kan komma ligga tung i Sverige. Socialdemokraterna har startat ett krig mot det arbetande svenska folket ..... diesel, bensin, el .... var en gÃ¥ng tecken pÃ¥ vÃ¤lstÃ¥nd och individens frihet. Nu ska vi hÃ¥lla kÃ¤ften, lÃ¥ta oss injiceras med verkningslÃ¶st genpreparat. Vakna!	FALSKT
2022-02-20	Christoffer Ekberg	@Cekbe8	@Bladsten @Orianalind	NÃ¤sta mÃ¥nad kommer ett nytt vaccin till Sverige som heter Novavax. I de kliniska studierna kom man fram till att det kan finnas en risk fÃ¶r HjÃ¤rtmuskelinflammation hos 0,08 â€° av fÃ¶rsÃ¶kspersonerna som inte fick Placebo.	FALSKT
2022-02-20	JÃ¶rgen Flykt	@JLumbher	NA	LÃ¶jligt att pluffsfete Boris pÃ¥stÃ¥r sig "veta" Ã¤r efter rapporter frÃ¥n sin och medias senile vÃ¤n Biden pÃ¥ andra sidan atlanten. Planerat sen lÃ¤nge av NATO och globalisterna i ren ilska Ã¶ver att inte ha fÃ¥tt med sig Ryssland in i the new world order tyvÃ¤rr rÃ¤ckte inte covid.	FALSKT
2022-02-20	urban sterner	@rymdfred	@AgnesWold	Men denna studie Ã¤r intressant, mRNA vaccinet stannar i kroppen i 8 veckor!	FALSKT
2022-02-20	urban sterner	@rymdfred	@AgnesWold	Men denna studie Ã¤r intressant, mRNA-vaccinet stannar i kroppen i 8 veckor!	FALSKT
2022-02-21	Fools World ğŸ‡¸ğŸ‡ª	@FoolsWorld6	@skogshuldran1 @Gluggen777	VÃ¤rst Ã¤r Ã¤ndÃ¥ det hÃ¤r: "FÃ¶r nÃ¤rvarande rekommenderas fortsatt mRNA-vaccin till gravida, dÃ¥ det Ã¤nnu inte finns tillrÃ¤ckligt med data kring vaccination av gravida med Nuvaxovid." Hur lÃ¤nge Ã¤r mRNA teatat pÃ¥ gravida? Vad vet man om ev framtida besvÃ¤r/skador pÃ¥ mamma och barn?	FALSKT
2022-02-21	Grace	@skogshuldran1	NA	https://friatider.se/nytt-coronavaccin-rekommenderas-i-sverige Ett nytt vaccin som stÃ¤rker immunfÃ¶rsvaret efter 3 eller 4 doser mRNA-vaccin ğŸ§ VarfÃ¶r Ã¤r det nÃ¶dvÃ¤ndigt ? hmm ğŸ¥´	SANT
2022-02-21	Helena	@HelenaSwed	@Expressen	Nuvaxoxid = Novavax. Skillnaden Ã¤r att ett insektsvirus genmodifieras i en mal, tar sedan spikarna som produceras i malen ihop med nanoteknik(!) och en typ av "klister" frÃ¥n ett trÃ¤d fÃ¶r irritation av imunfÃ¶rsvar. mRNA = genetiskkod i oss >< genmodifierade malspikar i oss. SÃ¤krare?	SANT
2022-02-21	Kim Ahola	@kimthecynic	@kimthecynic	Det finns enligt artikeln inte i lager Ã¤n i Sverige men till Tyskland kommer det den hÃ¤r veckan sÃ¥ det bÃ¶r kunna komma till Sverige snabbt.	FALSKT
2022-02-21	Kim Ahola	@kimthecynic	NA	Novavax proteinbaserade vaccin rekommenderas av FolkhÃ¤lsomyndigheten. DÃ¥ har vi ytterligare ett vaccin pÃ¥ marknaden, ett som kanske kan locka en eller annan skeptiker. folkhalsomyndigheten.se/nyheter-och-press/nyhetsarkiv/2022/februari/covid-19-vaccinet-nuvaxovid-rekommenderas-fran-18-ar/	SANT
2022-02-21	Kinamedia	@kinamediase	NA	TvÃ¥ Ã¥r in i pandemin, sÃ¥ har kinesiska myndigheter Ã¤nnu inte godkÃ¤nt nÃ¥gra av de mer effektiva mRNA-vaccinen fÃ¶r anvÃ¤ndningen, dÃ¥ alla dessa Ã¤r utlÃ¤ndska. NÃ¥got som kraftigt kringskÃ¤r effektiviteten i Kinas pandemihantering.	FALSKT
2022-02-21	Lars SundğŸ™	@sund_lars	@faazlic @MLZ_68 @sr_ekot	Nej tack, konspirationsteorier Ã¤r inget fÃ¶r mig serrÃ¶. Bara lÃ¥gutbildade personer som hoppar pÃ¥ sÃ¥dant (och som nekar vaccin och tycker covid Ã¤r en bluff osv) *handhjÃ¤rtan och kramar*	FALSKT
2022-02-21	Merra FÃ¤lt	@FaltMerra	@skogshuldran1	Det ska komplettera mnrA vaccinerna... SÃ¥ varfÃ¶r behÃ¶ver ett protinbaserat vaccin komplettera vaccinerna frÃ¥n Gud?	FALSKT
2022-02-21	Niklaslin	@Niklaslin1	@Folkhalsomynd	Dr. Flemming: "Samma skrÃ¤p som mRNA-vaccinen".	SANT
2022-02-21	Vilhelm von Voidâ€	@VvonVoid	@MarkusPalmheim	En av mÃ¥nga biverkningar av dessa mRna-injektioner.	FALSKT
2022-02-21	Vilhelm von Voidâ€	@VvonVoid	@svtnyheter	NÃ¤r vi uppnÃ¥tt flockimmunitet pÃ¥ riktigt finns INGEN anledning till ytterligare mRna-injektioner. Ingen tÃ¤nkande mÃ¤nniska utsÃ¤tter sig fÃ¶r onÃ¶diga risker till ingen nytta. @svtnyheter ska fÃ¶restÃ¤lla objektiva, neutrala, sakliga. SÃ¥ varfÃ¶r fortsÃ¤tter ni denna ensidiga propaganda?	SANT
2022-02-21	Vilhelm von Void	@VvonVoid	@svtnyheter	SÃ¥g nyss att @svtnyheter rapporterar om Ã¶kat antal hjÃ¤rtstopp hos idrottare. Ni glÃ¶mde nÃ¤mna att hjÃ¤rtproblem/myokardit Ã¤r en av mÃ¥nga biverkningar som orsakats av dessa mRna-injektioner. #svpol	FALSKT
2022-02-21	Ã…siktsNytt	@AsiktsNytt	NA	Fy fan! Det handlar inte om hÃ¤lsa, det handlar om kontroll ... #svpol #sÃ¤gnej #gefanivÃ¥ragrundlagar "Nu har vi bÃ¥de mRNA-vaccinerna och ett proteinbaserat vaccin, de Ã¤r alla sÃ¤kra och effektiva, sÃ¤ger Anders Tegnell, statsepidemiolog."	FALSKT
2022-02-22	Antipodian Motwall ğŸ‡ºğŸ‡¦ğŸšœğŸŒ»ğŸ‡¦ğŸ‡ºğŸ’‰ğŸ’‰ğŸ’‰ğŸ‡¹ğŸ‡¼ğŸ‡®ğŸ‡±ğŸ¥“	@AntipodianM	NA	Ã„r du orolig fÃ¶r spikproteiner i blodet frÃ¥n mRNA-vaccin skall gÃ¶ra dig infertil? Du har nog andra problem i verkligheten â¤µï¸	FALSKT
2022-02-22	Castor ğŸ”­ Pollux ğŸ›ğŸŒğŸš´â€â™‚ï¸ğŸºğŸ¶	@Castoropollux2	@Castoropollux2	lÃ¶nsam. Vilket lÃ¤kemedelsbolag kan mer begÃ¤ra? Om positivaporna bara spelar med mÃ¤rker inte ens politikerna miljardrullningen fÃ¶r mÃ¤nsklighetens bÃ¤sta nÃ¤r inget Ã¤nnu hÃ¤nt med Ã¶verdÃ¶dligheten som skulle vara alarmerande! Vaxxet Ã¤r inget problem iaf.	FALSKT
2022-02-22	Castor ğŸ”­ Pollux ğŸ›ğŸŒğŸš´â€â™‚ï¸ğŸºğŸ¶	@Castoropollux2	NA	En ny booster rekommenderas redan och ingen undrar varfÃ¶r WHO's nya norm "endast vaccin kan ge flockimmunitet" inte verkar hÃ¥lla mÃ¥ttet alls, men generera rejÃ¤l profit. mRNA-teknik i all Ã¤r, men sÃ¤rskilt pricksÃ¤ker kan den inte vara om inte just det gÃ¶r den sÃ¤kert & effektivt	FALSKT
2022-02-22	Christer Stolt ğŸ‡¸ğŸ‡ªğŸ‡¨ğŸ‡­	@christerstolt	@skogshuldran1	mRNA-vaccinerna var verkningslÃ¶sa!	SANT
2022-02-22	Christian Wallgren ğŸ‡¸ğŸ‡ªğŸ‡®ğŸ‡¨ğŸ¦…ğŸŠ	@chrwallg	NA	Inte bara FHM som fuskar med COVID och 'vaccin'-statistiken. Socialstyrelsen gÃ¶r detsamma och vÃ¤grar dessutom att svara pÃ¥ frÃ¥gor. #nejtillvaccinpass #svmed #svpol	SANT
2022-02-22	DAHL	@John_Elly_Music	@Mr__Svensson @Aktieprenoren	Tack fÃ¶r din otroligt skarpa analys att mNRA vaccin tar bort antikroppar, fÃ¶r det har ju inte nÃ¤mns tvÃ¥ miljoner gÃ¥nger Ã¶verallt senaste Ã¥ret. Tur att du informerade. Svensson, geniet. ğŸ™	FALSKT
2022-02-22	Helena Johansson	@HelenaJ33783347	@jorgenponder	Novavax kommer att levereras ut i morgon onsdag. VÃ¥rdpersonal prioriteras pga vaccinationsplikt from 15.3 i hopp om att de som vÃ¤grat mrna nu tar detta vaccin. Kan lagras i kylskÃ¥p.	SANT
2022-02-22	Immunitetsexperimentets offer	@ar_covid	NA	17 mars 2020. Anders Tegnell sÃ¤ger att immunitet i befolkningen kommer komma innan vaccin i princip hur vi Ã¤n gÃ¶r. #svpol #Covid19Sverige #Coronakommissionen	SANT
2022-02-22	Martin	@MResearchacc	@EmmaLjungberg5 @StombergThomas	Okej ... men varfÃ¶r ska vÃ¤rldsbefolkningen chippas sÃ¥ att en AI vet hur ofta jag kÃ¤kar pizza? FÃ¶r att den ska kunna boka in en obligatorisk dos kolesterolhÃ¤mmande mRNA-lÃ¤kemedel frÃ¥n Pfizer? AI Ã¤r ju gravt biased dessutom. Vi Ã¤r alla fria men AI gÃ¶r oss till slavar.	SANT
2022-02-22	MedTech Magazine	@MedTechMagazine	NA	FolkhÃ¤lsomyndigheten rekommenderar nu proteinvaccinet frÃ¥n @Novavax mot covid-19 som ett alternativ till mRNA-vaccinerna som erbjuds sedan tidigare. En viktig bestÃ¥ndsdel i vaccinet tillverkas i Uppsala.	FALSKT
2022-02-22	Thomas Hahn-Thomsen	@HahnThomsen	NA	CNN Ã¤r en av de mest Ã¶kÃ¤nda propagandakanalerna som frÃ¤mjar rÃ¤dsla och fÃ¶resprÃ¥kar mRNA-stÃ¶ten samtidigt som man attackerar all beprÃ¶vad avhjÃ¤lpande behandling. CNN och Davos har goda fÃ¶rbindelser.	SANT
2022-02-22	Thomas Hahn-Thomsen	@HahnThomsen	NA	HjÃ¤rtat i covid-19-agendan Ã¤r helt klart utrullningen av oprÃ¶vade experimentella mRNA-genredigerade hopkok - felaktigt namngivna som vacciner - av tvÃ¥ lÃ¤kemedelsfÃ¶retag - Pfizer (med BioNTech i Tyskland) och Moderna i USA. F.William Engdahl	FALSKT
2022-02-22	Vilhelm	@Vilhelm62751524	@sarahmrose @galinash @jorgenponder @covid19skola @Nymne	Det hÃ¤r Ã¤r tvÃ¥ lÃ¤kare som behandlat patienter med covid och svÃ¥ra biverkningar av detta sÃ¥ kallade "vaccin". Dr. Daniel Nagase visar Pfizers egen statistik Ã¶ver skador och dÃ¶d efter " vaccineringen". Han fÃ¶rklarar ocksÃ¥ hur detta "MRNA vaccin" skadar och dÃ¶dar mÃ¤nniskan.	FALSKT
2022-02-23	Anneli Elisabeth Ericsson	@einar21nisse41	NA	Proteinvaccin erbjuds till tveksamma https://a.msn.com/01/sv-se/AAUbG1H?ocid=winp-st	FALSKT
2022-02-23	Apan Nilsson	@apannilsson2	NA	Visste ni att killen som Joe Rogan intervjuade, Dr Malone, har arbetat med mRNA-vaccinet, har publicerat Ã¶ver 100 vetenskapliga artiklar och Ã¤r citerad 12 000 gÃ¥nger i vetenskapliga tidskrifter? Svensk media valde att tro pÃ¥ rockvraket Neil Young. KÃ¤lla: Fokus nr 7-22, s.50.	SANT
2022-02-23	BjÃ¶rn Axel, Lennart Hellman	@BjorneHellman	NA	Proteinvaccin erbjuds till tveksamma http://a.msn.com/01/sv-se/AAUbG1H?ocid=st Det finns inte traditionella vaccin. Det finns bara vaccin. Och de bygger pÃ¥ att en fÃ¶rsvagad form av sjukdomen injiceras och triggar ett immunfÃ¶rsvar. Louis Pasteur Ã¤r dÃ¶d, sÃ¥ jag fÃ¥r tala fÃ¶r honom.	FALSKT
2022-02-23	Castor ğŸ”­ Pollux ğŸ›ğŸŒğŸš´â€â™‚ï¸ğŸºğŸ¶	@Castoropollux2	NA	begreppet "naturlig immunitet" genom brÃ¶stmjÃ¶lk eftersom vaccin-inducerad immunitet kan tolkas som onaturlig. En hysterisk mamma(!) & jounalist(?) gjorde en hel TV-serie om hur lite hon lÃ¤rt om Naturlig Immunitet. Vi mÃ¥ste vÃ¤l tro att MÃ¶dravÃ¥rdscentralen lÃ¤r ut allt vÃ¤sentligt om	FALSKT
2022-02-23	COVID 19 i Sverige	@covidsverige	@maskupsweden	Kollateral skada kallas detta.	FALSKT
2022-02-23	GÃ¶ran Ã–strÃ¶m	@GoranOstrom	NA	131 dÃ¶da i covid rapporterade idag. Det Ã¤r barn, mammor och pappor, mor- och farfÃ¶rÃ¤ldrar. Det Ã¤r vÃ¤ldigt mkt sorg. Andningsskydd, vaccin, testning, smittspÃ¥rning, ventilation, inresekontroll etc skulle minska antalet dÃ¶dsfall - antal smittade. LÃ¥ngtidscovid ger ocksÃ¥ sorg	SANT
2022-02-23	Katanova	@katanova05	@ElizabethHahita	Det gÃ¥r inte att fÃ¥ det som booster om man vaccinerats dos 1 och 2 med detta. Tredje mÃ¥ste blir ett mRna vaccin. Betyder kort, att fÃ¶r godkÃ¤nd och fullgjord vaccinering mÃ¥ste vederbÃ¶rande fÃ¥ det andra vaccinet ocksÃ¥.	SANT
2022-02-23	Leif Wn	@elwee2	@GerTestTraceIso	SÃ¥, Ã¥terigen, Ã¤r dÃ¶dsfallen av covid eller med covid? Hur mÃ¥nga dog av injektionerna med mRNA-vÃ¤tskan? Barn ska INTE injiceras.	FALSKT
2022-02-23	MaskUpSweden ğŸ˜·	@maskupsweden	NA	Ã„r ju orovÃ¤ckande att vi har sÃ¥ hÃ¶ga dÃ¶dstal nu nÃ¤r alla har fÃ¥tt sina vaccin och restriktionerna borttagna. Ingenting ni vill grÃ¤va i?	FALSKT
2022-02-23	Matts Ramstorp	@rentforum	NA	Novavax proteinvaccin ska fÃ¥ skeptiker att tÃ¤nka om -	FALSKT
2022-02-23	MaxiMaker	@21AndNoMore	@GunneGrankvist @apannilsson2	Han Ã¤ger ocksÃ¥ 9st patent kopplat mRNA tekniken.	SANT
2022-02-23	PollyEstherğŸ‡¸ğŸ‡ªğŸšœğŸ‡¸ğŸ‡ªNej till EU, FN/WHO,WEF,Nato!	@PollyEstra	@AntonBjork8	VÃ¥ga vÃ¤gra vaccinet. Dessa vacciner innehÃ¥ller spikprotein och kanske fÃ¶rsÃ¤mrar immunfÃ¶rsvaret. MÃ¥nga fÃ¥r svÃ¥ra biverkningar. LÃ¥ngsiktigt vet ingen vad de leder till mer Ã¤n att politikerna Ã¤r angelÃ¤gna om att alla ska ta det oavsett riskerna. AlltsÃ¥ inte folkhÃ¤lsoskÃ¤l utan...	FALSKT
2022-02-24	Inger	@inger711	NA	Jag hoppas det kommer information nÃ¤r man kan fÃ¥ ta detta vaccin snarast. Jag vill verkligen ta detta vaccin frÃ¥n Novavax som inte Ã¤r tillverkat pÃ¥ samma sÃ¤tt som Pfizers m.fl. vacciner.	FALSKT
2022-02-24	Jonas Widarsson	@J_Widar	@CeciliaNordens1	Vad tror du om ryktet att shedding leder till att nÃ¥gon som lever i nÃ¤rheten av vaccinerade till och med skulle Ã¶verfÃ¶ra mRNA och dÃ¤rmed "vaccineras" utan injektion? Jag tycker det lÃ¥ter som skrÃ¤ckporr fÃ¶r antivaxxers. Om det Ã¤r sant Ã¤r det ju kÃ¶rt, sÃ¥ att sÃ¤ga.	FALSKT
2022-02-24	Pitipiti	@Pitipit84328461	@Pitipit84328461 @Ericson_ubbhult	Ska ingen prata mer om Trudeau och sin totalitÃ¤r agerande i ett "demokratisk" land? Ingen frÃ¥ga om fas3 resultatet av Pfizer vaccin? Ska ingen prata igen om EU tystnad om Ã–sterrike. Idag, alla ledare i vÃ¤stvÃ¤rlden stÃ¥r pÃ¥ knÃ¤t och sÃ¤ger "tack, Putin"	FALSKT
2022-02-25	eva	@TheEicb	NA	Aha, ett nytt otestat vaccin erbjuds folket som inte litade pÃ¥ det tidigare otestade vaccinet. Ett nytt IQ-test fÃ¶r befolkningen med andra ord! VÃ¤ssa hjÃ¤rnan nu ordentligt! ğŸ§ FHM: Nytt vaccin kan bÃ¶rja anvÃ¤ndas snart http://a.msn.com/01/sv-se/AAUgcDJ?ocid=st	SANT
2022-02-25	Margareta ğŸ‡¸ğŸ‡ªğŸ·ğŸš´ğŸ’¡ğŸš­ğŸ€ğŸğŸºâ˜®ï¸	@personnelibre	NA	https://mdpi.com/1467-3045/44/3/73/htm Enligt studie frÃ¥n Lunds universitet omvandlas spikproteinet i Modernas och Pfizers covid19-vaccin i levern med genetiska fÃ¶rÃ¤ndringar till fÃ¶ljd. Komplicerade samband fÃ¶r en lekman, men processen verkar kunna vÃ¥lla autoimmuna sjukdomar.	FALSKT
2022-02-25	MarteenğŸ‡¸ğŸ‡ª	@hotmailsverige	@Rickard30238769	Jag fick det i TBE vaccin. Nu Ã¤r jag magnetisk, ett gem fastnar pÃ¥ mig. Vad hÃ¤nder om jag mÃ¥ste magnetrÃ¶ntgas? AvstÃ¥r nog det!	FALSKT
2022-02-25	Niclas	@Niclas53172989	@OliverRosengren @BansheeVulture	Vad har vi att avvara? Pfizer vaccin?	FALSKT
2022-02-25	Tellus Husse	@TellusHusse	@FrejeFrilans	LÃ¤ste denna precis. En ny svensk studie som undersÃ¶ker om Pfizers vaccin Ã¤ndrar pÃ¥ DNA i leverceller. Det visar sig att sÃ¥ Ã¤r fallet. NÃ¥t att grÃ¤va i kanske ğŸ™‚ ?	FALSKT
2022-02-25	ä»°æœ›æ˜Ÿç©ºğŸŒƒğŸŒ»ğŸŒ»ğŸŒ»	@GwgZww	NA	VarfÃ¶r tror folk pÃ¥ Pfizer sÃ¥ ordentligt? Men men Pfizer bekrÃ¤ftade att personer som vaccinerats mot Covid kan tappa spikproteiner och kan skada ovaccinerade mÃ¤nniskor ğŸ˜¡ ğŸ’‰ ğŸ’‰ ğŸ’‰	SANT
2022-02-26	Anton Wahlman	@antonwahlman	@Nils_Littorin	We will find out in 30-50 years.	FALSKT
2022-02-26	Bengt HÃ¶jer	@BengtHojer	NA	Bill Gates finansierar 'vaccin som sprids som virus'. Ett sjÃ¤lvspridande vapen som kan visa sig vara okontrollerbart och irreversibelt En utomordentligt dÃ¥lig idÃ© m.a.o.	SANT
2022-02-26	Billy the Kid	@Billyth76858032	@Nils_Littorin	StÃ¥r inget om att vaccinet kan integreras i DNA, inte heller nÃ¥got om toxiska biverkningar pÃ¥ arvsmassan. FHM hade rÃ¤tt ...	SANT
2022-02-26	Christoffer Ekberg	@Cekbe8	@Nils_Littorin	Det stÃ¥r ingenstans i studien att mRNA:t integreras i DNA:t. Vad hÃ¥ller du pÃ¥ med?	FALSKT
2022-02-26	Deplorable Puttan	@truthseeker_nr1	@JessicaStegrud @TobiasHubinette	1. Att inte ifrÃ¥gasÃ¤tta valet senast dÃ¤r ni blev av med rÃ¶ster och MP fuskades in. 2. Att inte ifrÃ¥gasÃ¤tta covid sagan alls. 3. Att fÃ¶reslÃ¥ Nato. DÃ¥ Ã¤r man dÃ¥ligt pÃ¥lÃ¤st eller sÃ¥ Ã¤r man med globalisterna. Summa Ã¤r att det finns inget parti i riksdagen att rÃ¶sta pÃ¥ #teater	FALSKT
2022-02-26	eva	@TheEicb	@tgunkenobi @M_Raggamuffin @skeptikons	Svininfluensa-vaccinet stoppades. Ã„ndÃ¥ luras miljoner svenskar 10 Ã¥r senare att ta ett annat otestat vaccin. Det Ã¤r svÃ¥rt att fÃ¶rstÃ¥, min tankeverksamhet kollapsar i fÃ¶rsÃ¶ket att fÃ¶rstÃ¥. De Ã¤ldre kan jag fÃ¶rstÃ¥. Men alla under 70 ---- obegripligt.	SANT
2022-02-26	Gregory J	@GregoryJ3D	@Nils_Littorin	Om tom Modernas VD pratar Ã¶ppet om labblÃ¤ckan, fÃ¶rstÃ¥r man att allt Ã¤r mycket vÃ¤rre Ã¤n tidigare framkommit. Notera att han inte dementerar att Modernas pat DNA-strÃ¤ng som hittats i wuhanviruset. #CrimesAgainstHumanity #svpol	SANT
2022-02-26	Jonas Widarsson	@J_Widar	NA	Det visar sig att det Ã¤r en vÃ¤ldigt vÃ¤ldigt dÃ¥lig idÃ© att lura friska celler att producera ett gift som leder till att cellerna attackeras. Inget styr VILKA celler som tar emot mRNA:t. Ã„ven immunceller producerar spikprotien. Have fun with that.	FALSKT
2022-02-26	LaÃ¯va Good	@GoodLaiva	@BjuhrEva @sarajustnu	Precis som jag misstÃ¤nkt. RNA pÃ¥verkar arvsmassan, DNA. Svensk studie.	FALSKT
2022-02-26	LaÃ¯va Good	@GoodLaiva	@KarinAbrahamss5	Nu ser det ut som det som jag befarat med vaccinet. Kan Ã¤ndra arvsmassan, DNA. Svensk studie.	SANT
2022-02-26	Lilla Nisse	@Voltzor1	@Nils_Littorin	Det bÃ¤sta man kan gÃ¶ra Ã¤r att inte ta nÃ¥t vaccin.	FALSKT
2022-02-26	Nils Littorin	@Nils_Littorin	NA	Ber om ursÃ¤kt jag missfÃ¶rstod artikeln och raderat min fÃ¶regÃ¥ende tweet. UrsÃ¤kta. Man har inte visat att mRNA-vaccin integreras i DNA. Utan att mRNA mallen kan transkriberas till DNA. Men frÃ¥gorna kvarstÃ¥r, kan detta DNA tas upp av mÃ¤nskliga genomet?	SANT
2022-02-26	Sabine Olofsson	@olofsson_sabine	NA	NÃ¤men. Sa inte Matti SÃ¤ljberg att detta inte kunde hÃ¤nda? Svensk studie om Pfizervax: We also show that BNT162b2 mRNA is reverse transcribed intracellularly into DNA in as fast as 6 h upon BNT162b2 exposure.	SANT
2022-02-26	Stasiminister Re-elect!ğŸ‡¸ğŸ‡ª ğŸª“	@Per56A	@olofsson_sabine	Det kÃ¤nns rÃ¤tt bra att vara en av "foliehattarna" som direkt insÃ¥g att dessa "vaxxiner" inte Ã¤r bra och avstod frÃ¥n dem!	FALSKT
2022-02-26	TantGarde	@TantGarde	NA	Vaccinen Ã¤ndrar DNA. Tack regeringen och FHM. SnabbvÃ¤xande cancer nÃ¥gon?	FALSKT
2022-02-26	ThePinkPanther	@1984PinkPanther	@JuliaCaesar08	Tegnell kan ju kommentera den hÃ¤r nya studien frÃ¥n bland annat Lunds Universitet som visar att hans hyllade sprutor oavsiktligt kan Ã¤ndra i vÃ¥rt DNA. Vilka risker han utsatt folk fÃ¶r... helt sinnesrubbat. JÃ¤vla dÃ¥re.	FALSKT
2022-02-27	AndrÃ©a Eklund	@AndraEklund1	@ChristaSpeaksUp	Det Ã¤r sorgligt. Jag delat statistik kring barn, dÃ¶dsfall och MIS-C nÃ¥gra gÃ¥nger pÃ¥ fb men nÃ¤stan ingen reagerar. Ingen tar upp det till diskussion utom en anti-vaxx bekant som tror att de dÃ¶tt med Covid inte i Covid...	FALSKT
2022-02-27	.	@BigChang_	@AgnesWold @minimalcasanova	Har du tagit del av denna? mRNA -> DNA i levercellkÃ¤rnor. (in vitro) Det kan alltsÃ¥ ske. https://m.youtube.com/watch?v=MjxlvduyJyc.	FALSKT
2022-02-27	BigChang	@BigChang_	@AgnesWold @minimalcasanova	Har du tagit del av denna? mRNA -> DNA i levercellkÃ¤rnor. (in vitro) Det kan alltsÃ¥ ske. https://m.youtube.com/watch?v=MjxlvduyJyc.	FALSKT
2022-02-27	camilla	@camilla49315884	@cmuggla @socialdemokrat	Media och Regering VÃ„GRAR DELA DENNA STUDY FRÃ…N LUND.	FALSKT
2022-02-27	Grace	@skogshuldran1	NA	Nu sÃ¤tter man svastika pÃ¥ dem som vÃ¤grar dos 3 vaccin. De har tagit pÃ¥ sig samma statushatt som de ovaccinerade ğŸ˜‚ ğŸ§	SANT
2022-02-27	Gustave	@gustave_gaudras	@einaraskestad	Ã„r partisk eftersom jag jobbat med framtagandet av det vaccinet men svaret pÃ¥ din frÃ¥ga Ã¤r ja, jag tycker det finns skÃ¤l att ta vaccin mot COVID. Tror det Ã¤r svÃ¥rt Ã¶vertyga nÃ¥gon som inte vill ta men om det Ã¤r oro kring mRNA-vaccinen som ligger bakom sÃ¥ finns det nu alternativ.	FALSKT
2022-02-27	Ivo Vrijkotte	@IvoVrijkotte	@Ester90721164	Misdadig!	FALSKT
2022-02-27	Jonas Nilsson	@Jonas2Nilsson	NA	OrovÃ¤ckande. Utvecklingen av vaccin som vaccinerar befolkningen pÃ¥ samma sÃ¤tt som ett virus sprids. https://samnytt.se/bill-gates-finansierar-vaccin-som-sprids-som-virus/ via @samhallsnytt	SANT
2022-02-27	MaskUpSweden ğŸ˜·	@maskupsweden	NA	Lugn kvÃ¤ll pÃ¥ Khao San. Polisen och kontrollanter gÃ¥r runt och kontrollerar att barernas covidÃ¥tgÃ¤rder Ã¤r pÃ¥ plats. Mer turister nu Ã¤n innan jul. Undrar var ThailÃ¤ndarna har tagit vÃ¤gen ğŸ¤” Vaccin/snabbtest-koll vid entrÃ©n Ã¤r borttaget. De flesta bÃ¤r ğŸ˜·	FALSKT
2022-02-27	Mjolnir1772	@mjolnir1772	NA	Svensk studie, in vitro, viser at mrna endrer ditt dna... Enda en konspiteori bites the dust.	SANT
2022-02-27	Mona-Lisa	@Obamasshadow	NA	Den stÃ¶rsta historien denna vecka Ã¤r att Moderna patenterade sekvenser av Covid 19 flera Ã¥r INNAN pandemin Vad innebÃ¤r det. Jo att de bÃ¥de fabricerade viruset, slÃ¤ppte det och tjÃ¤nade pengar pÃ¥ att krÃ¤nga experimentella giftsprutor Det Ã¤r historiens vÃ¤rsta folkmord o bedrÃ¤geri	SANT
2022-02-27	summerattention	@summerattention	NA	Var det inte ocksÃ¥ BjÃ¶rn SÃ¶der som tog coronavaccinet framfÃ¶r kameran, och ville pÃ¥ sÃ¥ sÃ¤tt pÃ¥verka svenskarna till att ta mRNA sprutorna? SD @sdriks fortsÃ¤tter att infiltreras av pappskallar. Dessa snedsteg kommer aldrig att upphÃ¶ra. #svpol	SANT
2022-02-27	Ã…sa	@detfria	@Nils_Littorin	Hur eller hur, covidvaccinet Ã¤r ett medicinskt experiment och att ge det till barn Ã¤r gravt oetiskt.	FALSKT
2022-02-28	camilla	@camilla49315884	@MarcSlk @SvD	Eller WHO och regeringar tar dÃ¶d pÃ¥ oss?	FALSKT
2022-02-28	camilla	@camilla49315884	@SvD	LÃ¤gg av med era WEF planer. BerÃ¤tta snarare om att mÃ¤nniskor Ã¤r lite i fara. Eller om att WHOs planer med att ha mandat pÃ¥ injiceringar Ã¤r farliga? DNA blandas med Rnma? De finns ej data pÃ¥ injiceringarna?	FALSKT
2022-02-28	Castor ğŸ”­ Pollux ğŸ›ğŸŒğŸš´â€â™‚ï¸ğŸºğŸ¶	@Castoropollux2	NA	Svensk studie (in vitro) visar att Biontech vaccin mRNA omvandlas till DNA i Leverceller https://youtu.be/MjxlvduyJyc Roligast i denna upplysning Ã¤r den betryggande Svenska information om Covid-19 vaccin. Tydligen vaknar vÃ¥ra myndigheter sent.	FALSKT
2022-02-28	Dr B. Whoo	@metakosmisk	NA	I Ã¶ver ett Ã¥r har vi fÃ¥tt hÃ¶ra att mRNA-vacciner, inklusive Pfizer och Moderna, inte integreras med mÃ¤nsklig cell-DNA. En ny studie frÃ¥n Sverige publicerad i Current Issues of Molecular Biology sÃ¤ger dock nÃ¥got annat.	SANT
2022-02-28	FCCE ğŸŒ»	@the_FCCE	@DrEkstrom	Var inte Astras ocksÃ¥ av traditionella typ? Eller var det bara en kass mRNA variant	FALSKT
2022-02-28	Gabi KlingelhÃ¶fer	@gabkli	@DrEkstrom	FÃ¥r man vÃ¤lja?	FALSKT
2022-02-28	Inti Chavez PerezğŸ‡ºğŸ‡¦	@IntiChavezPerez	@DanielFaltskog	DÃ¤rfÃ¶r att nÃ¤r nÃ¥gon lÃ¤ser ett sakpÃ¥stÃ¥ende pÃ¥ exempelvis SVT:s webb som Ã¤r dÃ¤r jag frÃ¤mst jobbade som debattredaktÃ¶r sÃ¥ fÃ¶rvÃ¤ntar de sig att det ska stÃ¤mma. "Vaccin fÃ¶rÃ¤ndrar vÃ¥rt DNA" = nej tack "Vaccinpass Ã¤r fel" = intressant, har vi publicerat den hÃ¤r Ã¥sikten Ã¤n?	FALSKT
2022-02-28	Jonas EkstrÃ¶m	@DrEkstrom	@DrEkstrom	Skillnaden mellan ett mRNA-vaccin och ett 'traditionellt' vaccin Ã¤r att i mRNA-vaccinerna anvÃ¤nds cellens eget maskineri fÃ¶r att producera virusproteinet (antigenet som immunfÃ¶rsvaret ska lÃ¤ra sig att kÃ¤nna igen). I ett traditionellt vaccin tillfÃ¶r man virusproteinet i sig.	FALSKT
2022-02-28	Jonas EkstrÃ¶m	@DrEkstrom	@gabkli	Det ska nog vara mÃ¶jligt nu, givet att vaccintillgÃ¥ngen Ã¤r god (jag vet dock inte hur mÃ¥nga doser Nuvaxovid Sverige fÃ¥r i fÃ¶rsta omgÃ¥ngen).	FALSKT
2022-02-28	Jonas EkstrÃ¶m	@DrEkstrom	NA	FÃ¶r er som kÃ¤nner en oro infÃ¶r mRNA-vacciner mot #covid19 och dÃ¤rfÃ¶r valt att inte vaccinera er, finns nu ett 'traditionellt' vaccin, Nuvaxovid. Det bÃ¶r finnas tillgÃ¤ngligt i Sverige under kommande vecka. #svmed #covidvaccin	SANT
2022-02-28	MySonsPortfolio	@PortfolioSons	@DrEkstrom	NÃ¤r jag sÃ¤ger det till dem som kÃ¤nner oro fÃ¶r mRNA-vaccin sÃ¥ hÃ¤nvisar de numera till att c-19 inte Ã¤r mer Ã¤n en kraftig mancold. Vad sÃ¤ger du om det? Ã„r c-19 numera som en influensa fÃ¶r de ovaccinerade.	FALSKT
2022-03-01	á›áš¢áš¼á›…áš¾	@Johan15109896	@_mackan_	Beklagar allt det dÃ¤r. https://youtube.com/watch?v=MjxlvduyJyc	FALSKT
2022-03-01	bara_jagğŸª“ğŸ‡¸ğŸ‡ª	@fight4freedomse	@fight4freedomse @PetriSalonen	Bakom allt elÃ¤nde hittar vi globalister och deras agenda Ã¤r ond, dom har ett finger med i dom senaste krigen. Ett av mÃ¥len Ã¤r ett reducera jorden befolkning med vaccin, svÃ¤lt, brottslighet, diktatur. Men det mÃ¶ter motstÃ¥nd sÃ¥ Ww3 ocksÃ¥ en lÃ¶sning, fÃ¶r makten sÃ¤tter sig i sÃ¤kerhet	FALSKT
2022-03-01	bara_jagğŸª“ğŸ‡¸ğŸ‡ª	@fight4freedomse	@fight4freedomse @PetriSalonen	Bakom allt elÃ¤nde hittar vi globalister och deras agenda Ã¤r ond, dom har ett finger med i dom senaste krigen. Ett av mÃ¥len Ã¤r ett reducera jorden befolkning med vaccin, svÃ¤lt, brottslighet, diktatur. Men det mÃ¶ter motstÃ¥nd sÃ¥ Ww3 ocksÃ¥ en lÃ¶sning,fÃ¶r makten sÃ¤tter sig i sÃ¤kerhet	FALSKT
2022-03-01	Grodan	@grodanirummet	@NLAndersson @miraaksoys	Falskt. Ny studie visar att t.ex. celler i levern permanent Ã¤ndrar DNA p.g.a. mRNA vaccinen.	FALSKT
2022-03-01	Inti Chavez PerezğŸ‡ºğŸ‡¦	@IntiChavezPerez	@DanielFaltskog	Om vaccin fÃ¶rÃ¤ndrar vÃ¥rt DNA kommer en forskare publicera en vetenskaplig studie om det och vetenskapsredaktionen kommer gÃ¶ra en nyhet av det. Finns ingen anledning fÃ¶r debattredaktÃ¶ren att lÃ¥ta folk spekulera om det pÃ¥ debattsidan. Men jag nÃ¶jer mig dÃ¤r. Ha en fin dag!	FALSKT
2022-03-01	Jonas EkstrÃ¶m	@DrEkstrom	@the_FCCE @joel_lh	Nej, det var ett virusvektor-vaccin av DNA-typ.	FALSKT
2022-03-01	Norsken	@Norskens	@aktiealbin @miraaksoys	mRNA-vaccin (Pfizer & Moderna) innehÃ¥ller inte ytprotein. De innehÃ¥ller instruktioner fÃ¶r hur dessa protein ska bildas av kroppsegna celler.	FALSKT
2022-03-01	Pernilla Molander	@PernillaMoland2	@vonsilfverfisk	Ã–nska faktiskt jag var Ryss, han vÃ¤grat Genmanipulerad mat, ger bort land till sin befolkning, vÃ¤grar spela med globalisterna ! Eget vaccin utan dÃ¶dligt innehÃ¥ll !	FALSKT
2022-03-01	Susanne	@karaokeprinsess	@PortfolioSons @DrEkstrom	Nope! Grejen Ã¤r att man inte vet varfÃ¶r vissa blir mer sjuka. Fortfarande ovaccinerade som vÃ¥rdas pÃ¥ IVA. DÃ¤remot Ã¤r vi bÃ¤ttre pÃ¥ att behandla sjukdomen. Finns ingen ursÃ¤kt fÃ¶r personer om kan vaccinera sig att inte gÃ¶ra det!	FALSKT
2022-03-01	WiMiW ğŸ‡¸ğŸ‡ª	@WiMiW5	@psyopsnewsSWE	TÃ¤nkte just pÃ¥ det. NÃ¤r man lÃ¤ste pÃ¥ om mRNA-vaccin sÃ¥gs man vetenskapsfÃ¶rnekare och idiot. Att lÃ¤sa pÃ¥ om konflikten gÃ¶r en till fÃ¶rrÃ¤dare och nazist.	SANT
2022-03-02	camilla	@camilla49315884	@LJofelt @katjanouch	Ta bara med rapporterna frÃ¥n Lund samt Pfizer data. Samt http://lÃ¤karuppropet.se https://mdpi.com/1467-3045/44/3/73. Driver nÃ¥gon processen?	FALSKT
2022-03-02	dagenstrade	@Dagens_Trade	@optingout_ @rosluund	Synd att man Ã¤r en foliehatt som inte tagit det dÃ¤r bluffvaccinet.	FALSKT
2022-03-02	Enslave	@Enslave	@Sverigebilden08	Kanske fÃ¶r att det bevisats vara genmanipulation som Ã¤ndrar ditt DNA nu? Hm.. Konstigt..	FALSKT
2022-03-02	Enslave	@Enslave	@timsoderberg	Inte sÃ¥ mkt ljud om att forskare i Lund bevisat att "vaccinen" Ã¤ndrar din DNA heller.... Konstigt det dÃ¤r..	FALSKT
2022-03-02	JieWang	@jiewang123	@Nils_Littorin	NÃ¤r staten skaffar sig partner med Big Pharma, politiker bli fÃ¶rsÃ¤ljare.	SANT
2022-03-02	Libertarian	@naitwit	@matsxekberg @CeciliaNordens1	:) "badar...." - det var ju ett skojigt uttryck. " CDC sa att det _inte_ Ã¤ndrar DNA. Visst detta Ã¤r "in vitro" men det visar att CDC inte talade sanning. "normalt stannar i armen" BS redan Pfizer visste att det inte gÃ¶r det per lÃ¤ckta dokument i Japan.	FALSKT
2022-03-02	Lilla Nisse	@Voltzor1	@Nils_Littorin	VÃ¤nta ska du se om ett par Ã¥r hur mÃ¥nga de Ã¤r som kommet dÃ¶ av detta vaccin.	SANT
2022-03-02	Marbella flykting ğŸ´â€â˜ ï¸	@FlyktingAGP	@Nils_Littorin @carl70andersson	Sinnessjukt att tom vÃ¥r statsminister uppmanar folk att vaccinera sina barn sedan tycker iofs jag att man som fÃ¶rÃ¤lder ocksÃ¥ mÃ¥ste kunna tÃ¤nka fÃ¶r om man tar ett vaccin och Ã¤ndÃ¥ kan bli sjuk i de som de ska skydda mot sÃ¥ borde man kanske passa pÃ¥ de.	FALSKT
2022-03-02	Mask Ekberg ğŸ˜º	@matsxekberg	@naitwit @CeciliaNordens1	NÃ¤r du badar levercellerna i vaccin i ett provrÃ¶r ja (in vitro). Det glÃ¶mde du sÃ¤ga. Normalt stannar det mesta av vaccinet i armen. Du glÃ¶mde ocksÃ¥ sÃ¤ga att covid-19 gÃ¶r precis samma sak, sÃ¥ Ã¤r du rÃ¤dd fÃ¶r att fÃ¥ ditt DNA modifierat sÃ¥ Ã¤r fortfarande vaccinet din bÃ¤sta chans ğŸ‘	SANT
2022-03-02	Mendoza	@CharitoMe	NA	Pratade med en Ã¤ldre granne som hade fÃ¥tt hem brev med erbjudande om ett 4:e spruta... de kÃ¶r pÃ¥ som vanlig medans media bombarderar folk med Ukraina i stÃ¤llet fÃ¶r att informera om allt information som kommer ut som Pfizer fÃ¶rsÃ¶kt gÃ¶mma i 75 Ã¥r	FALSKT
2022-03-02	Mikael Fogelberg	@MikaelFogelber1	NA	BudbÃ¤rar-RNA (mRNA) frÃ¥n Pfizers covid-19-vaccin kan komma in i mÃ¤nskliga leverceller och omvandlas till DNA, enligt svenska forskare vid Lunds universitet.	SANT
2022-03-02	Nils Littorin	@Nils_Littorin	NA	1) TvÃ¥ tonÃ¥rspojkar dÃ¶da i myokardit ett par dagar efter 2 dosen av Pfizers vaccin. Obducerade med allvarliga skador pÃ¥ hjÃ¤rtat. Ett barn Ã¤r ett fÃ¶r mycket, med tanke pÃ¥ att Covid19 inte Ã¤r farligare Ã¤n influensa fÃ¶r barn. MÃ¥ de vila i frid, stackare.	SANT
2022-03-02	Per Tycker	@Per_Tycker	NA	Svenskt forskningsgenombrott: Lunds universitet visar att Pfizers vaccin kan orsaka autoimmuna sjukdomar. Vaccinets RNA kan i kroppen omvandlas till DNA, tvÃ¤rtemot vad som tidigare sagts.	FALSKT
2022-03-02	Roland X â¤ï¸ Z	@RolandXSweden	@Sverigebilden08	Lunds Universitet har gjort en skrÃ¤mmande upptÃ¤ckt att mRNA-vaccinet fÃ¶rÃ¤ndrar vÃ¥rt DNA. ğŸ˜¬	SANT
2022-03-02	swezon	@swezone1	@dumpsterfire661 @vandy_eriksson @katjanouch	Ã–h, nej! Eftersom du vet det sÃ¥ vart hittas den informationen? Skapligt misslyckande dÃ¥ nÃ¤r inte mÃ¤nniskor blir immuna som med tidigare vacciner?! Du som vet, beskriv mRNA-tekniken?	FALSKT
2022-03-02	Toni	@AntonioZup	@Nils_Littorin	Vi har en kris nÃ¤r det kommer till korruption hos myndigheter och beslutsfattare ...	SANT
2022-03-02	ulrika	@ulrika15753555	@CeciliaNordens1 @svtnyheter @ExpressenLedare @Aftonbladet @SvD @SVTHolmberg	Jag bara undrar, nÃ¤r ska ni ta upp den hÃ¤r rapporten i era nyhetssÃ¤ndningar? Ã„r det inte dax och diskutera och debattera biverkningarna och varfÃ¶r Pfizer velat hemlighetsstÃ¤mpla?	SANT
2022-03-02	ä»°æœ›æ˜Ÿç©ºğŸŒƒğŸŒ»ğŸŒ»ğŸŒ»	@GwgZww	NA	Media Ã¤lskar att prata om Putin, och fÃ¶rsÃ¶ker dÃ¶lja covid vaccinet utveckla AIDS. Alla de som har tagit vaccinet, deras immunfÃ¶rsvar Ã¤r skrÃ¤p och de hÃ¥ller fÃ¶rmodligen pÃ¥ att dÃ¶.	SANT
2022-03-03	Anders Svensson	@yndolf	@RolandXSweden @RolandLevander @Sverigebilden08	Hoppas att det Ã¤ndras Ã¥t ett positivt hÃ¥ll.	FALSKT
2022-03-03	âœï¸	@dione_levy	@Aftonbladet	NÃ¤r har ni tÃ¤nkt att rapportera om biverkningarna av covid vaccinet som Pfizer var tvungna att offentliggÃ¶ra igÃ¥r? Ni har pushat Svenska folket i snart 2 Ã¥r att ta detta vaccin som skadat och dÃ¶dat tusentals mÃ¤nniskor.	FALSKT
2022-03-03	Carsten Andersson	@CarstenAnderss3	@MeadeIndeed @timsoderberg	Studien som det var lÃ¤nkat till i artikeln kommer den ocksÃ¥ frÃ¥n Falun gong i Lund dÃ¥ eller? Tog 20 sekunder att hitta den.	FALSKT
2022-03-03	Christer Stolt ğŸ‡¸ğŸ‡ªğŸ‡¨ğŸ‡­	@christerstolt	NA	Covid-19 var aldrig en samhÃ¤llsfarlig sjukdom, Ã¤ndÃ¥ skulle Ulf Kristersson tvinga alla till att injicera ett verkningslÃ¶st genpreparat med svÃ¥ra biverkningar.	SANT
2022-03-03	FinansernasManğŸ‘	@FinansernasMan	NA	Ni som tagit pfizer vaccin. Fick ni lÃ¤sa listan med biverkningar innan som Pfizer nu enligt domstol tvingats slÃ¤ppa? #tragiskt	FALSKT
2022-03-03	Helena M	@HelenaM69273515	@AgnesWold @u_wake	Viktigt fÃ¶r vem?? ğŸ’° FÃ¶rdubblad vinst fÃ¶r Pfizer 2021 mot 2020, till 82 miljarder dollar. Det trillar nog ner tystande smulor till underhuggare eller fega lÃ¤kare som inte vÃ¥gar kritisera, som inte lyfter fram de rekordmÃ¥nga inrapporterade allvarliga biverkningarna. Skamligt!! ğŸ¤¨	FALSKT
2022-03-03	Jenny Maria Nilsson	@jennymaria	NA	Skadorna av vaccinet skulle vara uppenbara nu? Man skulle veta att Malone haft rÃ¤tt?	SANT
2022-03-03	Jonas Widarsson	@J_Widar	@Mangeundrar @JohannesNorden @MarkusPalmheim	Man kan nog utgÃ¥ frÃ¥n att pfizer anvÃ¤nde en verksam dos i injektionera i sin studie. Vi vet att biverkningarna ute i samhÃ¤llet Ã¤r batchberoende, sÃ¥ om du mÃ¥r helt bra har du nog fÃ¥tt placebo. Var glad fÃ¶r det.	SANT
2022-03-03	Kim Ahola	@kimthecynic	@benganboy70	Inget alls, annat Ã¤n att FoHM har fÃ¥tt signaler om att nÃ¥gra som har varit tveksamma till mrna-vaccinen skulle kunna tÃ¤nka sig novavax.	FALSKT
2022-03-03	Kim Ahola	@kimthecynic	NA	Den hÃ¤r veckan fÃ¥r Sverige in 624000 doser vaccin frÃ¥n Novavax. Eftersom det Ã¤r torsdag sÃ¥ kan dessa redan ha nÃ¥tt FolkhÃ¤lsomyndigheten. Med lite tur kan de fÃ¶rsta doserna Novavax erbjudas redan nÃ¤sta vecka.	SANT
2022-03-03	Micke	@grubbegrabben	@RolandXSweden @orobiwan @Sverigebilden08	Om man faktiskt lÃ¤ser rapporten sÃ¥ stÃ¥r det uttryckligen: "At this stage we do not know if DNA reverse transcribed from BNT162b2 is integrated into the cell genome". Ingen konstaterad DNA fÃ¶rÃ¤ndring alltsÃ¥. Men fortsatta studier vore klokt.	FALSKT
2022-03-03	Roland X â¤ï¸ Z	@RolandXSweden	@CallTheDarkSide @M_Raggamuffin @Sverigebilden08	mRNA Ã¤r otÃ¤ckt. ğŸ˜¬	FALSKT
2022-03-03	R_undrar	@R_undrar	NA	Proteinvaccin, alltsÃ¥. Inte DNA- eller RNA-baserade.	FALSKT
2022-03-04	bara_jagğŸª“ğŸ‡¸ğŸ‡ª	@fight4freedomse	@MarkusPalmheim @MaryvanSet	Kan det vara sÃ¥ att dom saknar mÃ¤nskligt dna? en rimliga fÃ¶rklarningen pÃ¥ att dom inte behÃ¶ver testas vid ankomst eller behÃ¶ver ta vaccinet. Det finns en fÃ¶rklaring till, vaccinet Ã¤r ett verktyg fÃ¶r NWO fÃ¶r att nÃ¥ Ã¶nskad befolkningsnivÃ¥.	SANT
2022-11-28	spid ğŸ˜·â˜£ï¸ğŸ´â€â˜ ï¸ğŸ™€ (â•¯Â°â–¡Â°ï¼‰â•¯ï¸µ â”»â”â”»	@spid303	@ebmpsykiatri @SpikdojjanDIF	Ja och nufÃ¶rtiden har man mer att vÃ¤lja pÃ¥ Ã¤n mRNA om man frÃ¥gar/bokar tex Novavax (som fÃ¶rmodligen Ã¤r lite bÃ¤ttre skydd mot varianter.) De som tjÃ¤nar pengar pÃ¥ vaccin har inget att vinna pÃ¥ att kunder dÃ¶r, dÃ¥ kan de inte fortsÃ¤tta lÃ¤nge om ingen kund finns kvar.	FALSKT
2022-11-28	Stefan Eking	@Stefan_eking	@OscarTengmark	Att lÃ¤gga tvÃ¥ kurvor bredvid varandra fÃ¶r att bevisa nÃ¥gon sorts korrelation Ã¤r en vanlig strategi frÃ¥n konspirationsteoretiker. Att vÃ¤rlden i allmÃ¤nhet (och smittvÃ¥gorna av Covid i synnerhet) Ã¤r mer komplex Ã¤n sÃ¥ har deras lÃ¤ttlurade fÃ¶ljare inte analysfÃ¶rmÃ¥ga nog att genomskÃ¥da	FALSKT
2022-11-28	SweNurse ğŸ‡¸ğŸ‡ªğŸ‡¸ğŸ‡ª	@carina_swe	NA	Vi blir anmÃ¤lda nÃ¤r vi ens vill diskutera om vax och biverkningar. Prick i legitimation minst. SjukskÃ¶terska.	SANT
2022-11-28	T. ALM. FÃ¶lj mig pÃ¥ resan genom sanningar.ğŸŒ	@rakoarlig	NA	Nu nÃ¤r folk insett bluffen men c-19 vaccinet,sÃ¥ stÃ¥r staten dÃ¤r med ett gigantiskt lager gift. Under hur lÃ¤nge det ska ta innan folk inser bluffen med klimatet hysterin. #svpol	SANT
2022-11-28	TonyAlva	@Bojje	NA	Fast det Ã¤r desinformation. SÃ¥ funkar inte systemet.	FALSKT
2022-11-28	Ã…terstÃ¤llaren ğŸ‡ºğŸ‡¦	@HarriKlingsten	NA	Stilstudie, nÃ¤r #corona blev #covid. En gradvis fÃ¶rflyttning under 2020, i januari har jag ingen nyhet i min databas som nÃ¤mner covid alls, dÃ¤remot 411 artiklar som anvÃ¤nder namnet corona, sen ser man hur balansen fÃ¶rÃ¤ndras dÃ¥ media alltmer Ã¶vergÃ¥r till anvÃ¤nda ordet covid.	FALSKT
2022-11-29	FUCK WEF, FUCK GLOBALISM.	@WiknerPatrick	NA	Har inte lÃ¤st detta men delar vidare. A New Book Exposes Hard Truths About Vaccines	FALSKT
2022-11-29	Mattias Widell	@MattiasWidell	NA	Ja dom vill ju uppenbarligen fÃ¶rÃ¤ndra vÃ¥rt DNA med sina mrna injektioner, fÃ¶r att vi inte lÃ¤ngre skall vara guds skapelse. Dom fÃ¶rÃ¤ndrar fÃ¶r att dom ser sig sjÃ¤lva som "gudar" vi blir "deras skapelse"? ğŸ¤” https://twitter.com/ColdWarPatriot/status/1597278421411037185	SANT
2022-12-25	The opinionated Black woman ~ Aunty	@Theblackfemini3	 @realDrBrendan	Novavax ..... you had me at moth DNA ğŸ˜	FALSKT
2022-12-26	Henrik Hjelte	@HHjelte	@aadelgreno @Fjompe36 @TomHedrup @lakaruppropet1	ğŸ˜‚ FÃ¶resprÃ¥kar du Novavax som Ã¤r ett proteinvaccin?	FALSKT
